sku,cost,current_price,map_floor,competitor_price,units_30d,hold
SKU0001,66.35,100.53,70.61,95.58,171,0
SKU0002,44.51,66.37,49.6,60.57,110,0
SKU0003,50.95,103.07,60.61,93.46,190,0
SKU0004,23.89,37.22,29.46,39.2,25,0
SKU0005,23.72,33.53,29.29,37.48,145,0
SKU0006,11.81,17.48,14.27,14.62,12,0
SKU0007,59.52,110.77,62.75,93.78,67,0
SKU0008,39.99,74.95,44.28,68.5,92,0
SKU0009,72.78,164.6,81.44,149.81,168,0
SKU0010,70.32,99.0,81.0,86.25,0,0
SKU0011,9.86,15.36,11.59,15.07,255,0
SKU0012,60.33,141.58,73.62,146.21,119,0
SKU0013,49.8,90.12,60.88,83.25,149,0
SKU0014,33.11,50.76,37.69,45.33,210,0
SKU0015,18.72,25.46,23.34,26.41,0,0
SKU0016,13.22,19.72,15.1,19.31,186,0
SKU0017,33.65,51.55,36.54,52.39,203,0
SKU0018,60.43,105.67,64.5,104.37,155,0
SKU0019,69.42,158.63,75.68,174.41,198,0
SKU0020,9.08,20.7,10.13,20.35,113,0
SKU0021,22.77,39.48,24.95,40.13,68,0
SKU0022,69.8,122.29,82.24,101.09,64,0
SKU0023,37.47,68.7,44.56,73.62,48,0
SKU0024,56.39,76.92,67.22,83.43,67,0
SKU0025,15.2,26.18,16.26,22.82,107,0
SKU0026,11.0,15.67,13.02,15.98,28,0
SKU0027,5.21,12.95,6.39,10.74,120,0
SKU0028,36.94,75.78,39.73,68.14,87,0
SKU0029,42.92,94.0,52.03,96.59,0,0
SKU0030,43.44,70.87,48.56,66.92,113,0
SKU0031,11.76,28.66,13.27,27.17,91,0
SKU0032,49.24,69.16,56.31,60.05,65,0
SKU0033,78.06,175.48,93.69,171.09,149,1
SKU0034,6.12,10.3,6.6,10.1,64,0
SKU0035,27.94,52.75,33.43,54.24,130,0
SKU0036,74.33,163.26,85.42,159.77,45,0
SKU0037,6.33,12.06,6.97,10.66,135,1
SKU0038,77.92,144.1,96.45,137.57,56,0
SKU0039,72.46,154.21,89.0,144.71,227,0
SKU0040,45.1,69.86,47.8,65.73,114,0
SKU0041,33.55,61.87,35.7,58.32,302,0
SKU0042,41.82,86.5,44.36,95.3,196,0
SKU0043,49.24,76.75,60.55,74.71,262,0
SKU0044,34.05,52.12,36.57,47.11,0,0
SKU0045,24.59,36.99,29.44,41.21,161,0
SKU0046,44.89,111.45,54.83,97.08,249,0
SKU0047,62.19,144.28,71.57,131.19,16,0
SKU0048,78.39,138.37,82.84,132.8,94,0
SKU0049,36.48,55.03,40.14,60.13,199,0
SKU0050,75.94,140.57,94.8,146.74,82,0
SKU0051,76.85,145.89,90.28,134.42,203,1
SKU0052,70.16,112.87,80.09,98.5,171,0
SKU0053,54.95,107.8,67.55,108.65,95,0
SKU0054,11.18,18.51,13.82,19.14,318,0
SKU0055,46.87,108.31,51.82,107.64,105,0
SKU0056,21.07,32.98,24.18,29.51,84,0
SKU0057,61.25,140.27,70.44,138.4,0,0
SKU0058,9.86,21.11,11.15,18.02,187,0
SKU0059,45.24,79.69,49.41,88.97,7,0
SKU0060,74.61,133.26,86.97,125.77,60,0
SKU0061,13.74,23.51,14.95,19.7,142,0
SKU0062,36.28,53.07,41.85,45.83,48,1
SKU0063,67.98,108.48,74.1,100.9,0,0
SKU0064,16.56,24.72,20.36,24.02,95,0
SKU0065,48.62,96.26,57.69,106.63,287,0
SKU0066,57.72,117.94,70.33,118.08,150,0
SKU0067,33.01,44.91,37.4,40.11,95,0
SKU0068,8.52,19.03,9.91,16.44,74,0
SKU0069,17.85,32.12,19.28,35.4,147,0
SKU0070,68.1,137.55,72.05,148.43,0,1
SKU0071,46.38,98.93,49.19,97.7,291,0
SKU0072,6.37,10.26,7.65,11.06,12,0
SKU0073,40.83,85.23,50.74,75.53,124,0
SKU0074,79.32,136.64,88.55,118.5,167,0
SKU0075,39.63,55.05,42.48,61.63,146,0
SKU0076,75.81,178.23,87.44,175.75,114,0
SKU0077,50.54,72.65,53.75,60.26,61,0
SKU0078,59.06,89.46,64.19,85.46,157,0
SKU0079,62.14,110.21,74.5,114.8,98,0
SKU0080,62.01,83.7,73.71,82.95,148,0
SKU0081,18.79,42.15,23.11,37.5,85,0
SKU0082,69.16,106.13,73.74,100.91,10,1
SKU0083,11.86,15.88,12.77,13.63,302,0
SKU0084,58.81,122.14,64.37,134.76,0,0
SKU0085,35.07,62.25,42.43,64.37,215,0
SKU0086,52.06,125.44,60.89,104.33,181,0
SKU0087,69.58,139.37,83.33,133.47,123,0
SKU0088,31.52,55.37,36.35,60.9,24,0
SKU0089,71.96,127.19,83.06,129.08,60,0
SKU0090,47.8,85.33,58.56,88.58,258,0
SKU0091,79.88,139.66,87.47,135.1,201,0
SKU0092,13.29,27.32,14.67,23.03,58,0
SKU0093,56.74,113.57,60.28,117.01,74,0
SKU0094,79.62,189.53,88.64,161.79,319,0
SKU0095,16.66,23.54,19.32,19.81,58,0
SKU0096,79.09,139.8,97.27,118.57,148,0
SKU0097,48.94,109.56,53.67,110.3,201,0
SKU0098,30.92,61.81,33.0,64.84,322,0
SKU0099,67.79,93.83,78.9,85.94,227,0
SKU0100,76.62,116.9,80.86,128.43,117,0
SKU0101,74.71,156.19,92.48,129.26,256,0
SKU0102,57.77,135.12,67.17,122.52,138,1
SKU0103,45.57,113.8,54.52,98.25,0,1
SKU0104,20.61,30.05,23.82,33.16,191,0
SKU0105,67.87,105.61,79.02,113.9,192,1
SKU0106,37.01,55.54,39.61,47.36,338,0
SKU0107,12.4,20.05,14.75,20.21,151,0
SKU0108,36.56,50.75,40.59,42.13,77,0
SKU0109,6.61,10.03,7.44,8.48,203,0
SKU0110,40.67,92.4,50.44,90.06,377,0
SKU0111,51.07,118.94,55.68,121.84,173,1
SKU0112,5.02,7.06,5.86,7.75,153,0
SKU0113,37.83,53.79,44.22,55.65,103,0
SKU0114,27.22,55.4,31.0,51.14,181,0
SKU0115,65.27,115.86,72.06,118.89,192,0
SKU0116,51.6,104.61,59.52,109.82,265,0
SKU0117,7.13,14.76,8.03,13.43,118,0
SKU0118,17.86,24.3,18.79,24.28,298,0
SKU0119,12.51,23.64,13.42,21.2,61,0
SKU0120,68.63,102.48,81.96,88.6,74,1
SKU0121,60.62,102.94,66.59,89.64,19,0
SKU0122,5.57,8.96,6.94,9.64,114,0
SKU0123,35.76,54.06,37.79,54.26,121,0
SKU0124,41.85,102.23,44.78,104.68,21,0
SKU0125,58.17,128.66,67.03,118.14,294,0
SKU0126,45.42,77.22,48.28,65.21,0,0
SKU0127,27.24,43.74,32.82,47.49,163,0
SKU0128,30.86,72.08,35.9,64.7,170,0
SKU0129,65.0,94.01,80.09,88.97,264,0
SKU0130,41.44,77.59,46.55,81.93,81,0
SKU0131,65.32,105.8,72.44,114.05,197,0
SKU0132,68.44,99.1,80.74,88.85,122,0
SKU0133,75.42,146.94,87.56,160.37,43,0
SKU0134,72.11,171.69,87.0,158.02,260,0
SKU0135,67.85,94.89,80.36,85.6,43,0
SKU0136,62.27,102.8,66.85,110.88,209,0
SKU0137,7.35,10.95,8.48,11.16,88,0
SKU0138,13.21,27.03,15.28,23.89,111,0
SKU0139,78.2,131.76,84.72,121.76,137,0
SKU0140,61.09,81.99,72.3,82.21,275,0
SKU0141,75.41,135.24,80.45,121.85,218,1
SKU0142,10.47,17.31,11.98,19.13,2,0
SKU0143,49.58,97.15,53.85,93.08,22,0
SKU0144,68.54,131.71,72.01,117.39,92,0
SKU0145,23.43,34.82,28.22,29.58,128,0
SKU0146,34.66,49.97,41.42,52.23,121,0
SKU0147,72.86,101.76,76.69,91.23,0,0
SKU0148,39.0,57.2,48.11,62.13,92,0
SKU0149,46.11,99.29,56.32,93.27,240,1
SKU0150,55.69,93.96,59.44,86.41,46,0
SKU0151,62.72,91.87,71.61,96.07,240,0
SKU0152,58.49,79.35,67.33,73.18,8,0
SKU0153,8.91,20.06,9.72,19.17,12,0
SKU0154,68.13,94.56,74.15,83.48,95,1
SKU0155,26.91,55.98,28.95,50.49,243,0
SKU0156,35.11,67.86,41.81,71.63,30,0
SKU0157,20.1,41.55,21.2,41.0,142,0
SKU0158,19.5,27.16,21.82,30.07,35,0
SKU0159,79.77,113.53,93.51,124.08,223,0
SKU0160,78.81,133.54,95.85,130.63,135,0
SKU0161,14.85,22.19,18.52,22.53,123,0
SKU0162,20.09,29.98,22.41,32.53,15,0
SKU0163,34.49,55.09,37.21,47.05,268,0
SKU0164,42.78,69.61,49.93,60.68,105,0
SKU0165,40.9,100.96,44.89,90.01,184,0
SKU0166,71.0,167.35,80.97,142.16,292,0
SKU0167,60.85,110.44,67.48,120.21,151,0
SKU0168,33.94,74.27,41.1,67.87,103,0
SKU0169,21.65,32.44,23.28,33.15,63,0
SKU0170,55.49,104.0,65.34,97.62,233,0
SKU0171,9.6,14.75,10.08,13.43,73,0
SKU0172,32.68,56.73,40.5,58.3,139,0
SKU0173,9.87,21.97,12.06,21.75,92,0
SKU0174,23.71,35.54,25.03,34.33,265,1
SKU0175,74.66,180.87,90.17,150.77,30,0
SKU0176,24.05,45.62,26.27,40.12,63,1
SKU0177,26.68,46.75,29.05,38.35,145,0
SKU0178,33.8,72.31,36.81,69.92,159,0
SKU0179,55.61,79.03,60.99,76.32,0,0
SKU0180,67.25,140.53,82.69,115.78,70,0
SKU0181,19.68,32.29,23.93,28.66,196,0
SKU0182,31.54,44.8,35.57,39.78,197,0
SKU0183,27.97,44.4,34.96,42.43,89,0
SKU0184,9.01,14.11,10.29,12.88,318,0
SKU0185,33.32,51.35,37.53,45.93,250,0
SKU0186,5.7,9.74,6.96,10.85,141,0
SKU0187,42.23,86.49,45.49,80.43,103,0
SKU0188,63.02,89.31,67.08,95.55,74,0
SKU0189,14.5,26.74,16.07,24.2,2,0
SKU0190,13.5,22.01,16.15,19.61,105,1
SKU0191,18.6,40.42,22.66,33.48,128,0
SKU0192,39.25,64.09,43.52,53.04,45,1
SKU0193,77.55,147.22,85.01,133.2,30,0
SKU0194,6.85,9.18,7.69,9.66,147,0
SKU0195,47.12,80.13,53.81,76.93,221,0
SKU0196,71.44,133.45,75.66,134.45,234,0
SKU0197,62.48,96.81,68.37,92.99,38,0
SKU0198,22.31,37.48,24.4,31.25,212,0
SKU0199,49.1,87.2,59.4,95.36,150,0
SKU0200,29.44,57.13,36.08,54.52,0,0
